<!DOCTYPE hibernate-configuration PUBLIC
        "-//Hibernate/Hibernate Configuration DTD 3.0//EN"
        "http://www.hibernate.org/dtd/hibernate-configuration-3.0.dtd">
        
 <hibernate-configuration>
 <session-factory>
 
 <!-- JDBC Connection -->
 <property name="connection.driver_class">com.mysql.jdbc.Driver</property>
 <property name="connection.url">jdbc:mysql://localhost:3306/db12152023?useSSL=false&amp;serverTimezone=UTC</property>
 <property name="connection.username">root</property>
 <property name="connection.password">Suj82Gjs12Ajs14$</property>
 <!-- JDBC connection pool settings ... using built-in test pool -->
 <property name="connection.pool_size">1</property>
 
 <!-- Hibernate Configuration -->

 		<property name="hibernate.hbm2ddl.auto">update</property>
        <!-- Select our SQL dialect -->
        <!-- we use MySQL5Dialect for the mysql version  8 -->
        <property name="dialect">org.hibernate.dialect.MySQL8Dialect</property>
		
        <!-- Echo the SQL to stdout -->
        <property name="show_sql">true</property>
		<!-- Set the current session context -->
		<property name="current_session_context_class">thread</property>
		
 </session-factory>
 </hibernate-configuration>
 
 <!-- hbm2ddl.auto 
 
validate: validate the schema, makes no changes to the database.
update: update the schema.
create: creates the schema, destroying previous data.
create-drop: drop the schema when the SessionFactory is closed explicitly, typically when the application is stopped.
 
  -->