<?xml version="1.0" encoding="UTF-8"?>
<beans xmlns="http://www.springframework.org/schema/beans"
	xmlns:xsi="http://www.w3.org/2001/XMLSchema-instance"
	xmlns:context="http://www.springframework.org/schema/context"
	xmlns:jee="http://www.springframework.org/schema/jee"
	xmlns:mvc="http://www.springframework.org/schema/mvc"
	xmlns:tx="http://www.springframework.org/schema/tx"
	xsi:schemaLocation="http://www.springframework.org/schema/beans 
						http://www.springframework.org/schema/beans/spring-beans.xsd
						http://www.springframework.org/schema/context 
						http://www.springframework.org/schema/context/spring-context-3.1.xsd
						http://www.springframework.org/schema/jee 
						http://www.springframework.org/schema/jee/spring-jee-3.1.xsd
						http://www.springframework.org/schema/mvc 
						http://www.springframework.org/schema/mvc/spring-mvc-3.1.xsd
						http://www.springframework.org/schema/tx 
						http://www.springframework.org/schema/tx/spring-tx-3.1.xsd">
						
<!-- Component Scan -->
<context:component-scan base-package="com.code.mvc"></context:component-scan>

<!-- Enabling the annotation driven capabilities for different MVC sections -->
<mvc:annotation-driven></mvc:annotation-driven>

<!--  View Resolver -->
<bean class = "org.springframework.web.servlet.view.InternalResourceViewResolver">
	<property name="prefix" value="/WEB-INF/views/"></property>
	<property name="suffix" value=".jsp"></property>
</bean> 

<!-- Web Resources -->
<!-- mvc:resources is for view resources -->
<!-- Specifying the resource location to load the image, JS, CSS files ("location") -->
<!-- resource mapping for resource requests("mapping") -->
<mvc:resources location="/resources/" mapping="/resources/**"/>

<!-- Database Resources -->
<context:property-placeholder location = "classpath:database.properties"></context:property-placeholder>
<!-- MySQL database properties from "database.properties" -->	
<bean id = "dataSource" class = "org.springframework.jdbc.datasource.DriverManagerDataSource">
	<property name="driverClassName" value="${database.driver}"></property>
	<property name="url" value="${database.url}"></property>
	<property name="username" value="${database.username}"></property>
	<property name="password" value="${database.password}"></property>
</bean>
<!-- Set the Hibernate properties from "database.properties" which also refers to MySQL database properties
     using id = "dataSource" and creating a "sessionFactory" object-->
<bean id="sessionFactory" class="org.springframework.orm.hibernate5.LocalSessionFactoryBean">
	<property name="dataSource" ref="dataSource"></property>
	<property name="hibernateProperties">
		<props>
			<prop key="hibernate.hbm2ddl.auto">${hibernate.hbm2ddl.auto}</prop>
			<prop key="hibernate.dialect">${hibernate.dialect}</prop>
			<prop key="hibernate.show_sql">${hibernate.show_sql}</prop>
			<prop key="hibernate.format_sql">${hibernate.format_sql}</prop>
		</props>
	</property>
	<property name="packagesToScan" value="com.code.mvc.entity"></property>
</bean>

<!-- Transaction Manager -->
<!-- Creating and registering "session" for performing CRUD operations (Not sure of this) -->
<!-- Transaction is required for commit or rollback --> 
<bean id="transactionManager" class="org.springframework.orm.hibernate5.HibernateTransactionManager">
	<property name="sessionFactory" ref="sessionFactory"></property>
</bean>
<tx:annotation-driven transaction-manager="transactionManager"></tx:annotation-driven>
</beans>
