<?xml version="1.0" encoding="UTF-8"?>
<beans xmlns="http://www.springframework.org/schema/beans"
	xmlns:xsi="http://www.w3.org/2001/XMLSchema-instance"
	xmlns:context="http://www.springframework.org/schema/context"
	xsi:schemaLocation="http://www.springframework.org/schema/beans 
	http://www.springframework.org/schema/beans/spring-beans.xsd
	http://www.springframework.org/schema/context 
	http://www.springframework.org/schema/context/spring-context-4.3.xsd">
	
	<bean id = "baseball" class = "com.code.entity.Baseball">
	<constructor-arg ref = "fortuneservice"></constructor-arg>
	</bean>
	<bean id = "cricket" class = "com.code.entity.Cricket" scope="prototype">
	<constructor-arg ref = "fortuneservice"></constructor-arg>
	</bean>
	<bean id = "fortuneservice" class = "com.code.service.FortuneService"></bean>
	
</beans>